Combination,Default CV F1,Tuned CV F1,Test F1 (Final),Improvement,Latency (ms/img),Balancing Mode,Best Params
Color,0.8609,0.8624,0.873,0.0014,0.0059,Weighted,"{'n_estimators': 144, 'max_depth': 4, 'learning_rate': 0.1850659011541427, 'subsample': 0.6876099033435611, 'colsample_bytree': 0.8983703635012693, 'min_child_weight': 2, 'gamma': 0.26674102900235425}"
Sobel,0.6956,0.698,0.7374,0.0024,0.0079,Weighted,"{'n_estimators': 377, 'max_depth': 4, 'learning_rate': 0.16496975799533034, 'subsample': 0.8677577635775863, 'colsample_bytree': 0.9157254902444063, 'min_child_weight': 2, 'gamma': 1.9201047070793176}"
LBP,0.861,0.8767,0.8584,0.0158,0.0143,Weighted,"{'n_estimators': 460, 'max_depth': 6, 'learning_rate': 0.22851390248161313, 'subsample': 0.7092345313440422, 'colsample_bytree': 0.8629382236505874, 'min_child_weight': 2, 'gamma': 0.06448327501148565}"
HOG,0.582,0.6114,0.6072,0.0295,0.004,Weighted,"{'n_estimators': 155, 'max_depth': 5, 'learning_rate': 0.11476585404201088, 'subsample': 0.9753240620783672, 'colsample_bytree': 0.8045984367716016, 'min_child_weight': 5, 'gamma': 3.911067742672328}"
GLCM,0.7962,0.8112,0.8068,0.015,0.0079,Unweighted,"{'n_estimators': 259, 'max_depth': 10, 'learning_rate': 0.14803696060557717, 'subsample': 0.8860138476725984, 'colsample_bytree': 0.816718961930128, 'min_child_weight': 1, 'gamma': 0.2741766108260479}"
Color + Sobel,0.914,0.9167,0.946,0.0026,0.0051,Weighted,"{'n_estimators': 143, 'max_depth': 7, 'learning_rate': 0.21512780865116654, 'subsample': 0.8266363137230068, 'colsample_bytree': 0.6561392094295383, 'min_child_weight': 2, 'gamma': 0.534095590243264}"
Color + LBP,0.9313,0.9369,0.939,0.0056,0.005,Weighted,"{'n_estimators': 170, 'max_depth': 3, 'learning_rate': 0.2792925497558463, 'subsample': 0.6793207538196481, 'colsample_bytree': 0.619334438285314, 'min_child_weight': 1, 'gamma': 0.19955961119385052}"
Color + HOG,0.8952,0.9072,0.9234,0.0121,0.0139,Weighted,"{'n_estimators': 393, 'max_depth': 8, 'learning_rate': 0.03259949272918265, 'subsample': 0.6064118892814854, 'colsample_bytree': 0.9953739362587533, 'min_child_weight': 1, 'gamma': 0.4839514292812751}"
Color + GLCM,0.9215,0.9318,0.9361,0.0103,0.0042,Unweighted,"{'n_estimators': 122, 'max_depth': 3, 'learning_rate': 0.11358298986546753, 'subsample': 0.9660746882483907, 'colsample_bytree': 0.8601706826932155, 'min_child_weight': 2, 'gamma': 2.87951587348957}"
Sobel + LBP,0.883,0.89,0.8723,0.007,0.006,Unweighted,"{'n_estimators': 193, 'max_depth': 5, 'learning_rate': 0.20151262453919033, 'subsample': 0.9840889393800781, 'colsample_bytree': 0.8662377326254072, 'min_child_weight': 1, 'gamma': 0.18074432618655192}"
Sobel + HOG,0.7605,0.7859,0.8085,0.0253,0.0094,Weighted,"{'n_estimators': 298, 'max_depth': 9, 'learning_rate': 0.11844198090503161, 'subsample': 0.724712928405192, 'colsample_bytree': 0.9061848461888499, 'min_child_weight': 1, 'gamma': 1.0291493612537104}"
Sobel + GLCM,0.855,0.8586,0.8576,0.0036,0.0059,Unweighted,"{'n_estimators': 56, 'max_depth': 9, 'learning_rate': 0.2389302630416025, 'subsample': 0.6040288945347351, 'colsample_bytree': 0.9383743737735684, 'min_child_weight': 1, 'gamma': 0.050002088794203536}"
LBP + HOG,0.8758,0.8795,0.8564,0.0037,0.0123,Unweighted,"{'n_estimators': 197, 'max_depth': 6, 'learning_rate': 0.1930618007621659, 'subsample': 0.6645735249864219, 'colsample_bytree': 0.7586779372487311, 'min_child_weight': 1, 'gamma': 0.01013337026159089}"
LBP + GLCM,0.9009,0.9009,0.8918,0.0,0.008,Unweighted,"{'n_estimators': 100, 'max_depth': 6, 'learning_rate': 0.3, 'subsample': 1.0, 'colsample_bytree': 1.0, 'min_child_weight': 1, 'gamma': 0.0}"
HOG + GLCM,0.8241,0.8301,0.818,0.006,0.0115,Unweighted,"{'n_estimators': 186, 'max_depth': 9, 'learning_rate': 0.03223706573417043, 'subsample': 0.697864654744519, 'colsample_bytree': 0.7990677491293712, 'min_child_weight': 4, 'gamma': 0.8435766711124555}"
Color + Sobel + LBP,0.9275,0.9358,0.9445,0.0083,0.0076,Weighted,"{'n_estimators': 393, 'max_depth': 7, 'learning_rate': 0.2506689826050779, 'subsample': 0.8617822903882943, 'colsample_bytree': 0.6296840137699362, 'min_child_weight': 1, 'gamma': 0.39502834760975103}"
Color + Sobel + HOG,0.9205,0.9233,0.9453,0.0028,0.007,Unweighted,"{'n_estimators': 270, 'max_depth': 9, 'learning_rate': 0.18356856162558674, 'subsample': 0.880514134731144, 'colsample_bytree': 0.8527392621395142, 'min_child_weight': 2, 'gamma': 0.6034614999258847}"
Color + Sobel + GLCM,0.9233,0.9336,0.9418,0.0103,0.0086,Unweighted,"{'n_estimators': 407, 'max_depth': 10, 'learning_rate': 0.10493073036512279, 'subsample': 0.8928101812622043, 'colsample_bytree': 0.9551661128123586, 'min_child_weight': 2, 'gamma': 0.57562748329847}"
Color + LBP + HOG,0.9292,0.9358,0.9311,0.0066,0.0079,Unweighted,"{'n_estimators': 442, 'max_depth': 9, 'learning_rate': 0.22150593616753828, 'subsample': 0.7304204061916411, 'colsample_bytree': 0.6490660718461412, 'min_child_weight': 3, 'gamma': 1.228835440060811}"
Color + LBP + GLCM,0.9345,0.9432,0.941,0.0087,0.0057,Unweighted,"{'n_estimators': 100, 'max_depth': 9, 'learning_rate': 0.2751618930385803, 'subsample': 0.6089583724363051, 'colsample_bytree': 0.7490882915435402, 'min_child_weight': 1, 'gamma': 0.3170041539775113}"
Color + HOG + GLCM,0.9256,0.9303,0.9504,0.0047,0.0072,Unweighted,"{'n_estimators': 361, 'max_depth': 6, 'learning_rate': 0.11810143657848174, 'subsample': 0.9683545023327231, 'colsample_bytree': 0.7724250074964698, 'min_child_weight': 4, 'gamma': 1.8808333973107088}"
Sobel + LBP + HOG,0.8823,0.8922,0.8641,0.0099,0.0078,Unweighted,"{'n_estimators': 194, 'max_depth': 6, 'learning_rate': 0.20769920038737405, 'subsample': 0.8915174528848168, 'colsample_bytree': 0.9967642922627292, 'min_child_weight': 1, 'gamma': 0.07203594761012377}"
Sobel + LBP + GLCM,0.8967,0.9061,0.8984,0.0094,0.0086,Unweighted,"{'n_estimators': 365, 'max_depth': 6, 'learning_rate': 0.2616423657553014, 'subsample': 0.9412050807632123, 'colsample_bytree': 0.6329704275629247, 'min_child_weight': 1, 'gamma': 0.04507616563216238}"
Sobel + HOG + GLCM,0.8487,0.8529,0.864,0.0042,0.0098,Weighted,"{'n_estimators': 458, 'max_depth': 5, 'learning_rate': 0.10466026907084476, 'subsample': 0.9452753576417638, 'colsample_bytree': 0.7329622660951671, 'min_child_weight': 2, 'gamma': 0.4039729656438673}"
LBP + HOG + GLCM,0.8974,0.9018,0.9082,0.0044,0.0126,Unweighted,"{'n_estimators': 409, 'max_depth': 7, 'learning_rate': 0.16266874172662552, 'subsample': 0.8919405658795099, 'colsample_bytree': 0.9511014383877657, 'min_child_weight': 2, 'gamma': 0.006078395242654244}"
Color + Sobel + LBP + HOG,0.9271,0.9337,0.9392,0.0066,0.0052,Unweighted,"{'n_estimators': 159, 'max_depth': 5, 'learning_rate': 0.14478867925843752, 'subsample': 0.9802784555124152, 'colsample_bytree': 0.6167649356559709, 'min_child_weight': 4, 'gamma': 0.6432114215578505}"
Color + Sobel + LBP + GLCM,0.9346,0.9431,0.949,0.0084,0.0051,Unweighted,"{'n_estimators': 53, 'max_depth': 7, 'learning_rate': 0.22215548021005224, 'subsample': 0.8159863244188382, 'colsample_bytree': 0.6236333485022401, 'min_child_weight': 1, 'gamma': 0.00014128677779837694}"
Color + Sobel + HOG + GLCM,0.9269,0.9315,0.9439,0.0046,0.0093,Unweighted,"{'n_estimators': 234, 'max_depth': 7, 'learning_rate': 0.19479753548695836, 'subsample': 0.9243905994552709, 'colsample_bytree': 0.8979356187351499, 'min_child_weight': 3, 'gamma': 0.009029492395675853}"
Color + LBP + HOG + GLCM,0.9357,0.9378,0.9388,0.0021,0.0061,Weighted,"{'n_estimators': 228, 'max_depth': 9, 'learning_rate': 0.2885874291933817, 'subsample': 0.9298620103906399, 'colsample_bytree': 0.6561763750100045, 'min_child_weight': 3, 'gamma': 1.1274506869036178}"
Sobel + LBP + HOG + GLCM,0.8932,0.9043,0.9063,0.0111,0.0085,Weighted,"{'n_estimators': 203, 'max_depth': 8, 'learning_rate': 0.251172301276311, 'subsample': 0.804294820945445, 'colsample_bytree': 0.7723397504811967, 'min_child_weight': 5, 'gamma': 0.08231175158683177}"
Color + Sobel + LBP + HOG + GLCM,0.9344,0.9408,0.9393,0.0064,0.0091,Unweighted,"{'n_estimators': 415, 'max_depth': 4, 'learning_rate': 0.0734762603017953, 'subsample': 0.8242861469435612, 'colsample_bytree': 0.7274009102383657, 'min_child_weight': 1, 'gamma': 0.618565224512649}"
